{
  "baseline": {
    "overall": 0.07373548145372799,
    "domains": {
      "indomain_cer": 0.059456398640996604,
      "ood_cer": 0.07887496178538674,
      "harmonic_cer": 0.06780271886650073,
      "geometric_cer": 0.06848080877665894
    },
    "per_speaker": {
      "spk_A": 0.06837606837606838,
      "spk_B": 0.04081632653061224,
      "spk_C": 0.08561643835616438,
      "spk_D": 0.03885135135135135,
      "spk_E": 0.05564924114671164,
      "spk_F": 0.06779661016949153,
      "spk_H": 0.08818813468733298,
      "spk_I": 0.07133105802047782,
      "spk_J": 0.05937654626422563,
      "spk_K": 0.10267857142857142
    }
  },
  "scratch_swa_tta": {
    "overall": 0.022330460846759086,
    "domains": {
      "indomain_cer": 0.013306908267270668,
      "ood_cer": 0.025578314480790787,
      "harmonic_cer": 0.01750630498544604,
      "geometric_cer": 0.018449072725405035
    },
    "per_speaker": {
      "spk_A": 0.017094017094017096,
      "spk_B": 0.003401360544217687,
      "spk_C": 0.018835616438356163,
      "spk_D": 0.013513513513513514,
      "spk_E": 0.006745362563237774,
      "spk_F": 0.020338983050847456,
      "spk_H": 0.030732228754676644,
      "spk_I": 0.020477815699658702,
      "spk_J": 0.01830776843146957,
      "spk_K": 0.03482142857142857
    }
  },
  "reverb_swa_tta": {
    "overall": 0.01521168977144998,
    "domains": {
      "indomain_cer": 0.008210645526613816,
      "ood_cer": 0.01773158055640477,
      "harmonic_cer": 0.011223996129656506,
      "geometric_cer": 0.012065973751638835
    },
    "per_speaker": {
      "spk_A": 0.008547008547008548,
      "spk_B": 0.0,
      "spk_C": 0.00684931506849315,
      "spk_D": 0.013513513513513514,
      "spk_E": 0.0016863406408094434,
      "spk_F": 0.01864406779661017,
      "spk_H": 0.018439337252805985,
      "spk_I": 0.016382252559726963,
      "spk_J": 0.012370113805047007,
      "spk_K": 0.02857142857142857
    }
  },
  "ensemble_tta": {
    "overall": 0.011539902585237917,
    "domains": {
      "indomain_cer": 0.00594563986409966,
      "ood_cer": 0.013553449505757669,
      "harmonic_cer": 0.008265404414430277,
      "geometric_cer": 0.008976855222041549
    },
    "per_speaker": {
      "spk_A": 0.005128205128205128,
      "spk_B": 0.0,
      "spk_C": 0.0017123287671232876,
      "spk_D": 0.008445945945945946,
      "spk_E": 0.0016863406408094434,
      "spk_F": 0.01864406779661017,
      "spk_H": 0.012827365045430252,
      "spk_I": 0.013651877133105802,
      "spk_J": 0.009896091044037604,
      "spk_K": 0.022321428571428572
    }
  }
}